exam,item,n_students,facility,item_rest_r,gemini_self_bloom,gemini_self_difficulty,rater_A_bloom,rater_B_bloom,fable_instr_bloom,fable_bare_bloom,fable_instr_difficulty,fable_bare_difficulty,gemini_cold_instr_bloom,gemini_cold_bare_bloom,gemini_cold_instr_difficulty,gemini_cold_bare_difficulty,rater_B_comment_themes,rater_A_comment_themes,rater_B_flagged_distractors
Exam 1,1,13,0.6154,0.6448,analyze,medium,understand,understand,analyze,understand,hard,medium,analyze,understand,hard,medium,,,0
Exam 1,2,13,0.9231,0.3666,remember,easy,evaluate,analyze,remember,understand,easy,easy,remember,understand,easy,easy,,,0
Exam 1,3,13,1.0,,apply,medium,understand,analyze,analyze,understand,easy,easy,analyze,understand,easy,easy,recall_dep,,0
Exam 1,4,13,0.9231,0.3666,understand,medium,analyze,understand,understand,understand,easy,easy,understand,understand,easy,easy,,,0
Exam 1,5,13,0.9231,-0.0111,evaluate,hard,understand,understand,analyze,analyze,medium,medium,understand,understand,easy,easy,,,0
Exam 1,6,13,0.6923,0.023,understand,hard,remember,remember,remember,remember,easy,easy,remember,remember,easy,easy,recall_dep,,0
Exam 1,7,13,0.6923,0.4132,apply,hard,create,remember,remember,understand,medium,medium,remember,understand,medium,medium,recall_dep,,0
Exam 1,8,13,0.7692,0.5651,understand,medium,remember,remember,remember,remember,easy,easy,remember,remember,easy,easy,,,0
Exam 1,9,13,0.9231,0.2496,apply,hard,create,understand,understand,understand,easy,easy,understand,understand,easy,easy,distractors;lower_bound,,1
Exam 1,10,13,0.6923,0.4478,understand,hard,apply,remember,remember,remember,easy,easy,remember,remember,easy,easy,recall_dep;giveaway,,0
Exam 1,11,13,0.6923,0.4478,analyze,hard,remember,analyze,understand,understand,easy,easy,understand,understand,easy,easy,,,0
Exam 1,12,13,0.8462,0.3746,remember,medium,remember,remember,remember,remember,easy,,remember,remember,easy,easy,recall_dep;giveaway,,0
Exam 1,13,13,0.6923,0.3615,remember,easy,remember,remember,remember,remember,easy,easy,remember,remember,medium,medium,,,0
Exam 1,14,13,0.6154,0.4451,remember,medium,remember,remember,remember,remember,easy,easy,remember,remember,easy,medium,,,0
Exam 1,15,13,0.4615,0.5464,understand,hard,apply,remember,remember,remember,easy,easy,remember,remember,easy,easy,,,0
Exam 1,16,13,0.5385,0.1708,analyze,medium,understand,remember,remember,understand,medium,medium,remember,remember,hard,medium,recall_dep;flaw,,0
Exam 1,17,13,0.6154,0.4781,remember,medium,remember,remember,remember,remember,easy,easy,remember,remember,medium,medium,,,0
Exam 1,18,13,0.3846,0.5881,understand,hard,analyze,remember,understand,understand,easy,easy,remember,understand,easy,medium,,,0
Exam 1,19,13,0.6154,0.6448,analyze,medium,understand,analyze,understand,understand,easy,easy,understand,understand,easy,easy,,,0
Exam 1,20,13,0.9231,0.0754,evaluate,hard,apply,analyze,understand,understand,easy,easy,understand,understand,easy,easy,distractors;lower_bound,,1
Exam 1,21,13,0.8462,0.1794,understand,medium,evaluate,remember,understand,understand,easy,easy,understand,understand,easy,easy,distractors;giveaway,,1
Exam 1,22,13,0.5385,0.4085,apply,hard,apply,remember,remember,understand,easy,easy,remember,understand,easy,medium,distractors;common_sense,,1
Exam 1,23,13,0.5385,0.652,evaluate,hard,understand,analyze,understand,understand,medium,medium,understand,understand,medium,medium,,,0
Exam 1,24,13,0.3077,0.0346,understand,hard,evaluate,remember,remember,understand,easy,easy,remember,remember,easy,medium,,,0
Exam 1,25,13,0.5385,0.4406,analyze,hard,remember,remember,understand,understand,easy,easy,remember,remember,easy,easy,,,0
Exam 1,26,13,0.6154,0.3304,apply,hard,apply,apply,apply,apply,easy,easy,understand,understand,easy,easy,,,0
Exam 1,27,13,0.7692,0.0787,understand,hard,remember,remember,remember,understand,easy,easy,remember,understand,easy,easy,distractors;common_sense,,1
Exam 1,28,13,0.5385,0.489,analyze,hard,understand,remember,understand,understand,easy,easy,remember,understand,easy,easy,,,0
Exam 1,29,13,0.7692,0.5651,evaluate,hard,understand,analyze,understand,understand,easy,easy,understand,understand,easy,easy,,,0
Exam 1,30,13,0.3846,0.5714,apply,hard,remember,remember,remember,remember,easy,easy,remember,remember,medium,easy,,,0
Exam 1,31,13,0.7692,0.47,apply,hard,analyze,analyze,analyze,analyze,easy,easy,analyze,analyze,medium,easy,,,0
Exam 1,32,13,0.6923,0.293,analyze,hard,create,apply,understand,understand,easy,easy,understand,understand,easy,easy,distractors,,1
Exam 1,33,13,0.6923,0.4651,understand,hard,remember,remember,remember,remember,easy,easy,remember,remember,medium,easy,,,0
Exam 1,34,13,0.6154,0.4451,remember,medium,remember,remember,remember,remember,easy,easy,remember,remember,medium,easy,,,0
Exam 1,35,13,0.4615,0.5789,evaluate,medium,apply,analyze,understand,understand,easy,easy,understand,understand,medium,easy,distractors,,1
Exam 1,36,13,0.5385,0.5376,analyze,hard,evaluate,remember,understand,understand,easy,easy,understand,understand,easy,easy,,,0
Exam 1,37,13,0.6154,0.2979,understand,hard,remember,remember,remember,remember,medium,medium,remember,remember,medium,medium,flaw,,0
Exam 1,38,13,1.0,,evaluate,hard,apply,apply,understand,apply,easy,easy,evaluate,apply,easy,easy,distractors;common_sense,,1
Exam 1,39,13,1.0,,evaluate,hard,analyze,understand,understand,understand,easy,easy,understand,understand,easy,easy,distractors;lower_bound,,1
Exam 1,40,13,0.7692,0.3381,understand,medium,understand,analyze,understand,understand,easy,easy,understand,understand,easy,medium,distractors,,1
Exam 1,41,13,0.4615,0.8602,analyze,hard,remember,remember,understand,understand,medium,medium,remember,remember,medium,medium,,,0
Exam 1,42,13,0.6154,0.5945,apply,hard,apply,understand,remember,understand,easy,easy,remember,understand,easy,easy,distractors;giveaway,recall_dep,1
Exam 1,43,13,0.6923,0.5173,analyze,hard,evaluate,analyze,understand,understand,easy,easy,understand,understand,easy,easy,,,0
Exam 1,44,13,0.6154,0.4451,apply,medium,apply,apply,apply,apply,easy,easy,apply,apply,easy,easy,,,0
Exam 1,45,13,0.6923,0.0899,understand,hard,analyze,understand,understand,understand,,,understand,understand,easy,easy,distractors;flaw,,1
Exam 1,46,13,0.5385,0.2494,apply,medium,remember,apply,understand,apply,easy,easy,understand,understand,easy,easy,distractors,recall_dep,1
Exam 1,47,13,0.6923,0.6225,evaluate,medium,evaluate,apply,understand,understand,easy,easy,understand,understand,easy,easy,,,0
Exam 1,48,13,0.3846,0.2109,understand,medium,analyze,analyze,understand,understand,easy,easy,understand,understand,easy,easy,flaw,,0
Exam 1,49,13,0.6154,0.6616,understand,medium,understand,understand,understand,understand,medium,easy,remember,understand,easy,medium,distractors;flaw;lower_bound,,1
Exam 1,50,13,0.5385,0.2179,analyze,hard,remember,remember,remember,remember,easy,easy,remember,remember,easy,easy,,,0
Exam 1,51,13,0.8462,0.2658,apply,medium,apply,remember,remember,understand,easy,easy,remember,remember,easy,easy,,,0
Exam 1,52,13,0.8462,0.3528,analyze,hard,apply,apply,understand,apply,easy,easy,understand,apply,easy,easy,,,0
Exam 1,53,13,0.6923,0.4478,evaluate,hard,evaluate,analyze,understand,understand,easy,easy,understand,understand,easy,easy,distractors,,1
Exam 1,54,13,0.7692,0.2263,remember,easy,apply,remember,remember,understand,easy,easy,remember,remember,easy,easy,,,0
Exam 2,1,11,0.6364,0.5558,understand,medium,analyze,understand,understand,understand,easy,easy,understand,understand,easy,easy,distractors,,1
Exam 2,2,11,0.2727,0.5555,remember,easy,remember,remember,remember,remember,medium,easy,remember,remember,easy,easy,,,0
Exam 2,3,11,0.7273,0.2546,analyze,hard,understand,remember,understand,understand,easy,easy,understand,understand,easy,easy,,,0
Exam 2,4,11,0.3636,0.6515,remember,easy,remember,remember,remember,remember,easy,easy,remember,remember,easy,easy,,,0
Exam 2,5,11,0.8182,0.1305,understand,medium,understand,apply,understand,understand,easy,easy,understand,understand,easy,easy,,,0
Exam 2,6,11,0.8182,0.5423,analyze,hard,understand,remember,remember,understand,easy,easy,remember,understand,easy,easy,distractors;recall_dep,,1
Exam 2,7,11,0.2727,0.7019,apply,hard,apply,apply,remember,understand,easy,easy,understand,understand,easy,easy,,recall_dep,0
Exam 2,8,11,0.8182,0.4383,understand,hard,analyze,evaluate,remember,understand,medium,medium,understand,understand,medium,medium,distractors,,1
Exam 2,9,11,1.0,,analyze,hard,apply,understand,understand,understand,easy,easy,understand,understand,easy,easy,,,0
Exam 2,10,11,0.7273,0.4156,analyze,medium,analyze,analyze,understand,understand,easy,easy,understand,understand,easy,easy,,,0
Exam 2,11,11,0.8182,0.0697,understand,medium,understand,remember,remember,understand,easy,easy,remember,remember,easy,easy,distractors;recall_dep;lower_bound,,1
Exam 2,12,11,0.5455,0.6085,apply,hard,apply,evaluate,understand,understand,medium,medium,understand,apply,medium,medium,,,0
Exam 2,13,11,0.4545,-0.0693,analyze,hard,analyze,analyze,analyze,analyze,easy,easy,analyze,analyze,easy,medium,distractors,,1
Exam 2,14,11,0.6364,0.7604,understand,hard,analyze,analyze,understand,understand,easy,easy,understand,understand,easy,easy,distractors,,1
Exam 2,15,11,0.6364,0.7261,understand,hard,understand,analyze,remember,understand,easy,easy,remember,remember,easy,easy,distractors,,1
Exam 2,16,11,0.9091,-0.1712,analyze,hard,analyze,analyze,understand,understand,easy,easy,remember,understand,easy,easy,distractors,,1
Exam 2,17,11,0.5455,0.9082,apply,medium,evaluate,understand,apply,apply,medium,easy,understand,apply,medium,medium,,,0
Exam 2,18,11,0.9091,0.4544,analyze,hard,understand,understand,understand,understand,easy,easy,understand,understand,easy,easy,,,0
Exam 2,19,11,0.5455,0.6414,understand,medium,remember,remember,remember,understand,easy,easy,remember,remember,easy,easy,,,0
Exam 2,20,11,0.9091,0.4544,analyze,hard,apply,remember,understand,understand,medium,easy,remember,remember,medium,medium,,,0
Exam 2,21,11,0.8182,0.5423,evaluate,hard,understand,understand,understand,understand,easy,easy,understand,understand,easy,easy,,,0
Exam 2,22,11,0.9091,0.4544,analyze,hard,analyze,understand,understand,understand,easy,easy,understand,understand,easy,easy,,,0
Exam 2,23,11,0.9091,0.3168,evaluate,hard,apply,apply,apply,apply,easy,easy,apply,understand,easy,easy,,,0
Exam 2,24,11,0.8182,0.1916,analyze,hard,apply,understand,understand,understand,easy,easy,understand,understand,easy,easy,distractors,,1
Exam 2,25,11,0.4545,0.9174,evaluate,hard,analyze,evaluate,understand,evaluate,easy,easy,understand,analyze,medium,medium,unfamiliar,,0
Exam 2,26,11,0.8182,0.335,analyze,hard,evaluate,analyze,understand,understand,easy,easy,understand,understand,easy,easy,unfamiliar,,0
Exam 2,27,11,0.5455,0.5266,understand,hard,apply,understand,remember,remember,medium,medium,remember,remember,medium,medium,distractors;common_sense,,1
Exam 2,28,11,0.7273,0.5969,remember,medium,analyze,understand,remember,remember,easy,easy,remember,remember,easy,easy,distractors;common_sense,,1
Exam 2,29,11,0.8182,0.1916,apply,hard,apply,understand,understand,apply,easy,easy,remember,understand,easy,easy,distractors;common_sense,,1
Exam 2,30,11,0.7273,0.0604,understand,medium,apply,understand,remember,understand,easy,easy,remember,understand,easy,easy,distractors;common_sense,,1
Exam 2,31,11,0.6364,0.6406,evaluate,hard,evaluate,understand,understand,understand,easy,easy,understand,understand,easy,easy,,,0
Exam 2,32,11,0.8182,0.335,evaluate,hard,apply,remember,understand,evaluate,easy,easy,evaluate,apply,easy,easy,distractors;common_sense;unfamiliar,,1
Exam 2,33,11,0.8182,0.4383,understand,hard,analyze,analyze,understand,understand,easy,easy,understand,understand,easy,medium,,,0
Exam 2,34,11,0.6364,0.6066,understand,hard,understand,remember,remember,understand,easy,easy,understand,remember,easy,easy,distractors;unfamiliar,,1
Exam 2,35,11,0.5455,0.0312,analyze,hard,understand,understand,understand,understand,easy,easy,understand,understand,easy,easy,distractors,,1
Exam 2,36,11,0.6364,0.8122,create,hard,apply,remember,apply,evaluate,easy,easy,apply,evaluate,easy,easy,distractors;common_sense,,1
Exam 2,37,11,0.8182,-0.0913,remember,hard,analyze,understand,understand,understand,easy,easy,understand,understand,easy,easy,distractors,,1
Exam 2,38,11,1.0,,evaluate,hard,analyze,remember,remember,understand,easy,easy,understand,understand,easy,medium,recall_dep,,0
Exam 2,39,11,1.0,,analyze,hard,apply,understand,understand,analyze,easy,easy,understand,analyze,easy,easy,,,0
Exam 2,40,11,0.3636,0.1834,apply,hard,analyze,understand,evaluate,apply,medium,medium,apply,apply,medium,medium,,,0
Exam 2,41,11,0.4545,0.1815,understand,medium,analyze,analyze,analyze,analyze,medium,medium,analyze,apply,medium,medium,,,0
Exam 2,42,11,0.9091,0.262,evaluate,hard,understand,understand,understand,analyze,easy,easy,understand,understand,easy,easy,,,0
Exam 2,43,11,0.7273,0.4697,apply,hard,evaluate,analyze,understand,evaluate,easy,easy,analyze,evaluate,medium,easy,,,0
Exam 2,44,11,0.4545,0.8166,analyze,hard,analyze,remember,apply,apply,easy,easy,understand,apply,easy,easy,,,0
Exam 2,45,11,0.6364,0.0914,analyze,hard,remember,remember,understand,understand,medium,medium,understand,understand,medium,medium,distractors;flaw,,1
Exam 2,46,11,0.9091,0.262,understand,hard,remember,understand,understand,understand,easy,easy,understand,understand,easy,easy,,,0
Exam 2,47,11,0.7273,0.3976,apply,hard,understand,understand,understand,understand,easy,easy,understand,understand,easy,medium,,,0
Exam 2,48,11,0.6364,0.1566,analyze,medium,remember,understand,analyze,understand,hard,medium,analyze,understand,hard,medium,,,0
Exam 2,49,11,0.9091,0.262,remember,easy,analyze,understand,remember,understand,easy,easy,remember,remember,easy,easy,,,0
Exam 2,50,11,1.0,,apply,medium,evaluate,analyze,analyze,understand,easy,easy,analyze,understand,easy,easy,,,0
Exam 2,51,11,1.0,,understand,medium,analyze,understand,understand,understand,easy,easy,understand,understand,easy,easy,,,0
Exam 2,52,11,0.8182,0.5841,evaluate,hard,understand,analyze,understand,analyze,medium,medium,understand,understand,easy,easy,,,0
Exam 2,53,11,0.7273,0.506,analyze,hard,understand,analyze,understand,understand,easy,easy,understand,understand,easy,medium,,,0
Exam 2,54,11,1.0,,understand,hard,evaluate,remember,understand,understand,easy,easy,understand,understand,easy,easy,distractors,,1
Exam 2,55,11,0.6364,0.4715,remember,hard,remember,remember,remember,remember,easy,easy,remember,remember,medium,medium,,,0
Exam 2,56,11,0.4545,0.1657,understand,hard,understand,remember,understand,understand,easy,easy,remember,remember,easy,easy,,,0
Exam 2,57,11,0.8182,0.5841,analyze,hard,remember,remember,remember,understand,medium,easy,remember,remember,medium,medium,,,0
Exam 2,58,11,0.6364,0.7604,analyze,hard,remember,remember,remember,understand,medium,easy,remember,understand,easy,medium,,,0
Exam 2,59,11,0.9091,0.4544,evaluate,hard,understand,apply,understand,understand,easy,easy,understand,understand,easy,easy,,,0
Exam 2,60,11,0.4545,0.1341,analyze,medium,understand,analyze,understand,understand,easy,easy,remember,understand,easy,easy,,,0
Exam 2,61,11,0.5455,0.5429,evaluate,hard,understand,analyze,understand,understand,medium,medium,understand,understand,medium,medium,,,0
Exam 2,62,11,0.7273,0.6885,understand,medium,apply,understand,understand,understand,easy,easy,understand,understand,easy,medium,,,0
Exam 2,63,11,0.6364,0.8122,apply,medium,create,apply,apply,apply,easy,easy,apply,apply,easy,easy,distractors,,1
Exam 2,64,11,0.6364,0.7604,analyze,hard,evaluate,analyze,analyze,analyze,easy,easy,analyze,analyze,medium,medium,,,0
Exam 3,1,13,0.3846,0.6415,remember,easy,remember,remember,remember,understand,medium,medium,remember,remember,easy,easy,,,0
Exam 3,2,13,0.6923,0.1163,apply,medium,apply,analyze,evaluate,apply,medium,easy,evaluate,apply,medium,medium,,,0
Exam 3,3,13,0.8462,0.2346,understand,medium,understand,analyze,understand,understand,easy,easy,understand,understand,easy,easy,,,0
Exam 3,4,13,1.0,,remember,easy,remember,remember,remember,remember,easy,easy,remember,remember,easy,easy,,,0
Exam 3,5,13,0.9231,0.4282,understand,medium,remember,remember,remember,remember,easy,easy,remember,remember,easy,easy,,,0
Exam 3,6,13,1.0,,apply,medium,remember,understand,remember,remember,easy,easy,remember,remember,easy,easy,distractors,,1
Exam 3,7,13,0.7692,-0.1511,analyze,medium,analyze,apply,understand,understand,easy,easy,remember,understand,easy,easy,,,0
Exam 3,8,13,1.0,,apply,medium,apply,apply,remember,understand,easy,easy,understand,understand,easy,easy,distractors,,1
Exam 3,9,13,0.9231,0.2591,understand,easy,understand,apply,remember,understand,easy,easy,remember,remember,easy,easy,distractors,,1
Exam 3,10,13,0.8462,0.2971,analyze,hard,analyze,analyze,understand,understand,easy,easy,understand,understand,easy,easy,flaw;distractors,,1
Exam 3,11,13,0.5385,0.4484,analyze,hard,analyze,analyze,analyze,analyze,medium,medium,analyze,analyze,medium,medium,,,0
Exam 3,12,13,0.6154,0.1759,evaluate,hard,remember,remember,evaluate,evaluate,easy,easy,understand,evaluate,easy,easy,distractors;common_sense,,1
Exam 3,13,13,0.9231,0.3434,analyze,medium,remember,analyze,understand,understand,easy,easy,understand,understand,easy,easy,flaw;distractors;recall_dep,,1
Exam 3,14,13,0.6923,0.4374,apply,hard,apply,apply,apply,apply,easy,easy,understand,apply,easy,easy,,,0
Exam 3,15,13,0.6923,0.2382,evaluate,medium,evaluate,analyze,evaluate,evaluate,easy,easy,evaluate,apply,easy,easy,flaw;distractors,,1
Exam 3,16,13,1.0,,analyze,hard,analyze,remember,understand,understand,easy,easy,understand,analyze,easy,medium,distractors,,1
Exam 3,17,13,0.7692,0.4323,analyze,hard,apply,understand,understand,analyze,medium,medium,understand,analyze,medium,medium,,,0
Exam 3,18,13,0.8462,0.3286,apply,medium,analyze,remember,understand,analyze,easy,easy,understand,understand,easy,easy,distractors,,1
Exam 3,19,13,1.0,,analyze,medium,apply,apply,understand,understand,easy,easy,understand,understand,easy,easy,distractors,,1
Exam 3,20,13,0.6154,0.7295,understand,medium,understand,analyze,understand,understand,medium,medium,understand,understand,medium,medium,,,0
Exam 3,21,13,0.9231,0.4282,apply,medium,analyze,apply,understand,evaluate,easy,easy,understand,apply,easy,easy,,,0
Exam 3,22,13,0.8462,0.5838,evaluate,hard,understand,remember,remember,understand,easy,easy,remember,remember,easy,medium,distractors;flaw;recall_dep,,1
Exam 3,23,13,1.0,,apply,medium,remember,understand,remember,understand,easy,easy,remember,remember,medium,easy,distractors,,1
Exam 3,24,13,0.5385,0.5909,understand,medium,analyze,remember,remember,understand,easy,easy,remember,understand,easy,easy,,,0
Exam 3,25,13,0.8462,0.5838,analyze,hard,remember,understand,understand,understand,medium,easy,understand,understand,medium,medium,,,0
Exam 3,26,13,0.8462,0.1107,understand,medium,remember,remember,remember,remember,easy,easy,remember,remember,easy,easy,distractors,,1
Exam 3,27,13,1.0,,analyze,easy,remember,understand,understand,understand,easy,easy,understand,understand,easy,easy,,,0
Exam 3,28,13,1.0,,analyze,medium,understand,understand,understand,understand,easy,easy,understand,understand,easy,easy,,,0
Exam 3,29,13,0.6154,0.4835,analyze,medium,remember,understand,understand,understand,easy,easy,understand,understand,easy,easy,distractors,,1
Exam 3,30,13,0.9231,-0.2759,understand,medium,understand,understand,remember,understand,easy,easy,understand,understand,easy,easy,distractors;flaw,,1
Exam 3,31,13,0.5385,0.6634,evaluate,medium,understand,analyze,understand,understand,easy,medium,understand,understand,medium,medium,,,0
Exam 3,32,13,1.0,,understand,medium,analyze,understand,remember,understand,easy,easy,remember,remember,easy,easy,,,0
Exam 3,33,13,1.0,,analyze,medium,apply,analyze,understand,understand,easy,easy,understand,understand,easy,easy,,,0
Exam 3,34,13,0.7692,0.4874,analyze,medium,remember,remember,understand,understand,medium,medium,understand,understand,medium,medium,recall_dep,,0
Exam 3,35,13,0.6154,0.5809,understand,medium,analyze,understand,remember,understand,easy,easy,remember,remember,easy,easy,,,0
Exam 3,36,13,0.6154,0.5809,evaluate,medium,apply,understand,understand,understand,easy,easy,understand,understand,medium,medium,,,0
Exam 3,37,13,0.9231,0.1337,analyze,medium,remember,analyze,understand,understand,easy,easy,understand,understand,easy,easy,,,0
Exam 3,38,13,0.6154,0.4594,analyze,medium,understand,analyze,understand,understand,medium,medium,understand,understand,medium,medium,,,0
Exam 3,39,13,0.4615,0.4051,apply,medium,analyze,analyze,analyze,analyze,medium,medium,analyze,analyze,medium,easy,,,0
Exam 3,40,13,0.8462,0.4553,evaluate,medium,understand,remember,understand,evaluate,easy,easy,understand,apply,easy,easy,distractors;common_sense,,1
Exam 3,41,13,0.5385,0.2399,understand,medium,understand,apply,understand,understand,easy,easy,understand,understand,easy,easy,distractors,,1
Exam 3,42,13,0.8462,0.2346,analyze,medium,understand,understand,understand,understand,easy,easy,understand,understand,easy,easy,distractors,,1
Exam 3,43,13,0.9231,0.2591,understand,easy,understand,understand,understand,understand,easy,easy,understand,understand,easy,easy,distractors,,1
Exam 3,44,13,1.0,,analyze,medium,understand,analyze,understand,analyze,easy,easy,understand,understand,easy,easy,distractors,,1
Exam 3,45,13,0.9231,0.3434,understand,medium,apply,understand,understand,understand,easy,easy,understand,understand,easy,easy,distractors,,1
Exam 3,46,13,1.0,,understand,medium,understand,remember,understand,understand,easy,easy,understand,understand,easy,easy,distractors,,1
Exam 3,47,13,1.0,,evaluate,medium,analyze,understand,understand,understand,easy,easy,understand,understand,easy,easy,distractors,,1
Exam 3,48,13,1.0,,analyze,medium,analyze,remember,understand,understand,easy,easy,understand,understand,easy,easy,distractors,,1
Exam 3,49,13,0.7692,0.2691,analyze,medium,understand,understand,understand,understand,easy,easy,understand,understand,medium,medium,distractors,,1
Exam 3,50,13,0.9231,0.3434,apply,medium,understand,understand,analyze,analyze,easy,easy,understand,understand,easy,easy,,,0
Exam 3,51,13,1.0,,understand,medium,remember,remember,remember,understand,medium,medium,remember,remember,medium,medium,distractors;recall_dep,,1
Exam 3,52,13,0.8462,0.1415,analyze,medium,understand,understand,understand,understand,easy,easy,understand,understand,easy,easy,distractors;recall_dep,,1
Exam 3,53,13,0.8462,0.1724,evaluate,medium,apply,analyze,understand,understand,easy,easy,understand,understand,easy,easy,,,0
Exam 3,54,13,0.9231,-0.0316,understand,medium,analyze,remember,remember,understand,easy,easy,remember,understand,easy,easy,distractors,,1
Exam 3,55,13,1.0,,analyze,medium,analyze,analyze,analyze,analyze,easy,easy,analyze,evaluate,easy,easy,,,0
Exam 3,56,13,1.0,,evaluate,medium,apply,remember,understand,analyze,easy,easy,understand,apply,easy,easy,distractors,,1
Exam 3,57,13,0.8462,0.2346,understand,medium,remember,analyze,remember,remember,easy,easy,remember,remember,easy,easy,distractors,,1
Exam 3,58,13,1.0,,evaluate,medium,understand,remember,understand,evaluate,easy,easy,understand,analyze,easy,easy,recall_dep;distractors,,1
Exam 3,59,13,0.8462,0.1415,apply,hard,understand,understand,apply,apply,easy,easy,apply,apply,easy,easy,distractors,,1
Exam 3,60,13,1.0,,evaluate,medium,analyze,remember,understand,evaluate,easy,easy,understand,evaluate,easy,easy,distractors;common_sense,,1
Exam 3,61,13,0.9231,0.4282,apply,medium,evaluate,analyze,analyze,analyze,easy,easy,analyze,analyze,easy,easy,distractors,,1
Exam 3,62,13,0.9231,0.0508,analyze,medium,analyze,understand,analyze,analyze,easy,easy,understand,analyze,easy,easy,distractors,,1
Exam 3,63,13,0.9231,0.3434,remember,easy,understand,understand,understand,understand,easy,easy,understand,understand,easy,easy,distractors;flaw,,1
Exam 3,64,13,0.8462,0.4553,apply,hard,analyze,analyze,analyze,analyze,medium,easy,analyze,evaluate,medium,easy,,,0
Exam 3,65,13,0.9231,0.3434,analyze,medium,understand,understand,understand,evaluate,easy,easy,understand,evaluate,easy,easy,giveaway;recall_dep,,0
Exam 3,66,13,1.0,,evaluate,hard,analyze,analyze,understand,understand,easy,easy,understand,understand,easy,easy,distractors,,1
Exam 3,67,13,0.6154,-0.1411,understand,medium,remember,remember,remember,understand,easy,easy,remember,remember,easy,easy,recall_dep,,0
Exam 3,68,13,0.9231,0.1754,evaluate,medium,analyze,apply,analyze,evaluate,easy,easy,apply,evaluate,easy,easy,distractors,,1
Exam 3,69,13,0.9231,0.1337,analyze,medium,understand,understand,understand,understand,easy,easy,understand,understand,easy,easy,distractors;recall_dep,,1
Exam 3,70,13,0.9231,0.1754,understand,medium,analyze,remember,remember,understand,easy,easy,remember,understand,easy,easy,distractors,,1
